,0
0,https://www.boliga.dk/bbrinfo/AAEE0E13-C970-48E0-904D-7CE017734AD6
1,https://www.boliga.dk/bbrinfo/F711037E-BE65-437B-8051-16F9A74D4526
2,https://www.boliga.dk/bbrinfo/92EEF6F4-E539-4B02-A23B-026AB5761FBB
3,https://www.boliga.dk/bbrinfo/CA5038E0-EA91-4FA0-A9C8-0F68A061403A
4,https://www.boliga.dk/bbrinfo/F3608308-4A21-4FBA-A22F-6DAFB2B66984
5,https://www.boliga.dk/bbrinfo/E56D1D4A-0B15-45A0-AF4B-D5632F55A2C5
6,https://www.boliga.dk/bbrinfo/35C7187B-BF41-45D5-AADC-708DB84B882D
7,https://www.boliga.dk/bbrinfo/9CF2D0BC-39AF-46BB-B1F6-2852646233AF
8,https://www.boliga.dk/bbrinfo/14E14BFA-D4D8-4F57-A33E-9687298A5B63
9,https://www.boliga.dk/bbrinfo/C61145B1-E978-4616-A43F-A31507B3E6EB
10,https://www.boliga.dk/bbrinfo/B28713C0-2023-422C-B72F-5AB1EDAEB7BF
11,https://www.boliga.dk/bbrinfo/AF7DF668-D41F-4730-9577-5004A27E3833
12,https://www.boliga.dk/bbrinfo/65F2C86D-4614-46AF-A53F-D4B3A7D9B23A
13,https://www.boliga.dk/bbrinfo/57047F98-5DF2-45C3-9AE7-60F9C0E967D2
14,https://www.boliga.dk/bbrinfo/05F68F9D-D471-4703-9BCF-ECA4B07E33CD
15,https://www.boliga.dk/bbrinfo/2BBD9F98-4E18-462F-9AD3-389917194D78
16,https://www.boliga.dk/bbrinfo/45F52C27-A39B-4F03-96BF-639247829DF1
17,https://www.boliga.dk/bbrinfo/6F0171E3-2A49-4469-8DC0-5E0A461A2BD7
18,https://www.boliga.dk/bbrinfo/175B224E-5E68-401E-9434-6EC68D16BFE1
19,https://www.boliga.dk/bbrinfo/8335C4A6-5248-45B7-8FFD-E88111FA3656
20,https://www.boliga.dk/bbrinfo/32969BB6-5659-4E84-A876-09689E8DDC97
21,https://www.boliga.dk/bbrinfo/C86E5B4C-C375-4048-B2C8-D0C19CDBC9AE
22,https://www.boliga.dk/bbrinfo/7ABA1484-1D4C-4F65-AF15-24953AEA0285
23,https://www.boliga.dk/bbrinfo/7BB9CFC9-D3C2-4527-A3F7-0443348526A6
24,https://www.boliga.dk/bbrinfo/C91CF2B6-793D-4A87-B86C-1F089463FE21
25,https://www.boliga.dk/bbrinfo/EC864155-286E-41AA-BEB0-18AEA4E4460E
26,https://www.boliga.dk/bbrinfo/3D1DCF0F-7AF2-45CE-86DD-00102C4253B1
27,https://www.boliga.dk/bbrinfo/49A7102C-0FA1-4CEA-A36C-BE5278D3EC94
28,https://www.boliga.dk/bbrinfo/E46AE2CA-0C5B-4A29-A34A-6C851C17361C
29,https://www.boliga.dk/bbrinfo/B10ABF43-75C6-4800-8103-1DBED972B2EE
30,https://www.boliga.dk/bbrinfo/77E6B7D8-81C1-4158-BC58-A1404DD8403E
31,https://www.boliga.dk/bbrinfo/0B0DAD8B-76E8-4303-821B-5BCEC154B670
32,https://www.boliga.dk/bbrinfo/CAAFC28F-C214-40C2-A965-473290094ABF
33,https://www.boliga.dk/bbrinfo/B83564D1-053E-4537-AFAC-46D2514B74A5
